address,checkIn,checkOut,city,country,currency,distanceFromCenterKm,freeCancellation,hasBreakfast,hasSecureDeposit,hotelId,isGuruHotel,isSuperhost,kind,latitude,longitude,masterId,metroNearby,minPrice,minPricePerNight,name,nameEn,nearestSubway,nearestSubwayDistanceM,otaChainId,priceEur,priceRub,priceUsd,rates/0/currency,rates/0/freeCancellation,rates/0/freeCancellationBefore,rates/0/hasBreakfast,rates/0/mealType,rates/0/price,rates/0/priceEur,rates/0/pricePerNight,rates/0/priceRub,rates/0/priceUsd,rates/0/roomName,ratesCount,rating,ratingCount,regionId,regionName,roomsNumber,scrapedAt,starRating,tripadvisorRating,tripadvisorReviews,type,source_city,source_season,source_file,nights,price_per_night_calc,distance_category,rating_category,photo_count
"Samarskaya street, 1, Москва",2026-10-15,2026-10-25,Москва,Россия,RUB,3.2495396,True,False,False,radisson_blu_olympiyskiy_hotel,True,False,Hotel,55.784706,37.626274,8869780,True,143000.0,14300,"Гостиница Radisson Blu Олимпийский, Москва","Radisson Blu Olympiyskiy Hotel, Moscow",Проспект Мира (Калужско-Рижская),548.0,18.0,1491.83,143000.0,1700.86,RUB,True,2026-10-14T21:00:00Z,False,nomeal,143000.0,1491.83,14300,143000.0,1700.86,Двухместный номер Стандартный с видом на город (2 отдельные кровати),1,9.1,728.0,2395,Москва,379.0,2026-09-27 07:36:50.471,5.0,,,awarded-hotel,Москва,октябрь,moscow_october.xlsx,10,14300.0,2-5 км,9+,10
"150 Mira Prospect, Москва",2026-10-15,2026-10-25,Москва,Россия,RUB,7.5816135,True,False,False,cosmos_hotel,True,False,Hotel,55.82206,37.6471,7466678,True,46200.0,4620,Cosmos Москва ВДНХ Отель,Cosmos Moscow VDNH Hotel,ВДНХ,384.0,873.0,481.97,46200.0,549.51,RUB,True,2026-10-14T21:00:00Z,False,nomeal,46200.0,481.97,4620,46200.0,549.51,Номер Стандарт,1,6.9,2533.0,2395,Москва,1644.0,2026-09-27 07:36:50.471,3.0,,,historic-hotel,Москва,октябрь,moscow_october.xlsx,10,4620.0,5-10 км,<7,10
"Ленинский проспект, д.158, Москва",2026-10-15,2026-10-25,Москва,Россия,RUB,14.356438,True,False,False,happy_home_apartment_hotel,True,False,Hotel,55.651367,37.48286,13647556,True,45600.0,4560,Апарт-отель Happy Home,Happy Home Apartment hotel,Тропарёво,892.0,,475.72,45600.0,542.37,RUB,True,2026-10-14T12:00:00Z,False,nomeal,45600.0,475.72,4560,45600.0,542.37,Апартаменты Comfort c 1 комнатой (двуспальная кровать),1,7.9,30.0,2395,Москва,25.0,2026-09-27 07:36:50.471,,,,,Москва,октябрь,moscow_october.xlsx,10,4560.0,10-20 км,7-8,10
"переулок Съезжинский, д.8 стр.1, Москва",2026-10-15,2026-10-25,Москва,Россия,RUB,3.592184,True,False,False,otel_andron,True,False,Hotel,55.7477,37.67328,6344401,True,32130.0,3213,Гостиница Андрон-Отель,Andron-Otel Hotel,Площадь Ильича,465.0,,335.19,32130.0,382.16,RUB,True,2026-10-15T11:00:00Z,False,nomeal,32130.0,335.19,3213,32130.0,382.16,Двухместный номер Economy (без окна) (двуспальная кровать) (без окна),1,7.3,847.0,2395,Москва,94.0,2026-09-27 07:36:50.471,3.0,2.7,130.0,,Москва,октябрь,moscow_october.xlsx,10,3213.0,2-5 км,7-8,10
"улица Петра Романова, д.7/2, Москва",2026-10-15,2026-10-25,Москва,Россия,RUB,6.6457863,True,False,False,aroma_hotel_on_kozhukhovskaya,True,False,Hotel,55.70816,37.681767,9084838,True,36180.0,3618,Отель Арома-Отель,Aroma-otel Hotel,Кожуховская,322.0,,377.44,36180.0,430.33,RUB,True,2026-10-15T11:00:00Z,False,nomeal,36180.0,377.44,3618,36180.0,430.33,Двухместный номер Budget Цокольный этаж (двуспальная кровать),1,8.0,631.0,2395,Москва,124.0,2026-09-27 07:36:50.472,3.0,,,,Москва,октябрь,moscow_october.xlsx,10,3618.0,5-10 км,7-8,10
"улица Большая Семеновская, д. 32, стр. 3, Москва",2026-10-15,2026-10-25,Москва,Россия,RUB,6.306223,True,False,False,shelterz_elektrozavodskaya,True,False,Hotel,55.7814,37.707794,9990836,True,29767.5,2977,Отель Shelterz Электрозаводская,Shelterz Elektrozavodskaya Hotel,Электрозаводская (Арбатско-Покровская),175.0,,310.55,29767.5,354.06,RUB,True,2026-10-14T11:00:00Z,False,nomeal,29767.5,310.55,2977,29767.5,354.06,Двухместный номер Стандартный без окна (общая ванная комната) (двуспальная кровать) (без окна),1,8.9,903.0,2395,Москва,90.0,2026-09-27 07:36:50.472,,2.0,6.0,,Москва,октябрь,moscow_october.xlsx,10,2976.75,5-10 км,8-9,10
"Измайловское шоссе, д. 71, корпус 4 Г-Д, Москва",2026-10-15,2026-10-25,Москва,Россия,RUB,9.12784,True,False,False,otel_izmailovo_gamma,True,False,Hotel,55.792057,37.748802,7402135,True,47295.0,4730,Отель Измайлово Гамма,Izmailovo Gamma Hotel,Партизанская,405.0,,493.4,47295.0,562.53,RUB,True,2026-10-14T11:00:00Z,False,nomeal,47295.0,493.4,4730,47295.0,562.53,Двухместный номер Plus Standard (2 отдельные кровати),1,8.4,3394.0,2395,Москва,1046.0,2026-09-27 07:36:50.472,3.0,,,business-hotel,Москва,октябрь,moscow_october.xlsx,10,4729.5,5-10 км,8-9,10
"улица Душинская, д.3А, помещ. 23, Москва",2026-10-15,2026-10-25,Москва,Россия,RUB,5.6028695,True,False,False,apartavia_living_quarters,True,False,Hotel,55.746082,37.70559,13663569,True,35609.0,3561,Отель АпартАвиа,ApartAvia Hotel,Авиамоторная (Калининская),914.0,,371.49,35609.0,423.54,RUB,True,2026-10-14T23:00:00Z,False,nomeal,35609.0,371.49,3561,35609.0,423.54,Двухместный номер Economy (двуспальная кровать),1,8.8,124.0,2395,Москва,30.0,2026-09-27 07:36:50.472,3.0,,,,Москва,октябрь,moscow_october.xlsx,10,3560.9,5-10 км,8-9,10
"Измайловское шоссе, д.71, стр. 2Б, Москва",2026-10-15,2026-10-25,Москва,Россия,RUB,8.933672,True,False,False,otel_izmailovo_beta,True,False,Hotel,55.789528,37.747498,7819740,True,46500.0,4650,Отель Измайлово Бета,Izmaylovo Beta Hotel,Партизанская,165.0,,485.1,46500.0,553.08,RUB,True,2026-10-14T21:00:00Z,False,nomeal,46500.0,485.1,4650,46500.0,553.08,Двухместный номер Стандарт (двуспальная кровать),1,8.5,4555.0,2395,Москва,1010.0,2026-09-27 07:36:50.472,3.0,,,business-hotel,Москва,октябрь,moscow_october.xlsx,10,4650.0,5-10 км,8-9,10
"улица Воронцово поле, д.16/4, Москва",2026-10-15,2026-10-25,Москва,Россия,RUB,2.2943478,True,False,False,hotel_agiosotel_na_kurskoy,False,False,Hotel,55.75365,37.65418,13288362,True,35978.0,3598,Отель  Агиос,Agios Hotel,Чкаловская,407.0,,375.34,35978.0,427.93,RUB,True,2026-10-15T11:00:00Z,False,nomeal,35978.0,375.34,3598,35978.0,427.93,Двухместный номер Стандарт Соло (двуспальная кровать) (тип кровати может измениться),1,8.2,804.0,2395,Москва,93.0,2026-09-27 07:36:50.472,,,,,Москва,октябрь,moscow_october.xlsx,10,3597.8,2-5 км,8-9,10
"Тверская улица, д.12с2, Москва",2026-10-15,2026-10-25,Москва,Россия,RUB,1.0865686,True,False,False,fratelli,True,False,Hotel,55.76376,37.60745,9292101,True,46490.0,4649,Отель Fratelli,Fratelli Hotel,Тверская,159.0,,485.0,46490.0,552.96,RUB,True,2026-10-14T21:00:00Z,False,nomeal,46490.0,485.0,4649,46490.0,552.96,Двухместный номер Стандарт (двуспальная кровать),1,7.8,339.0,2395,Москва,22.0,2026-09-27 07:36:50.472,3.0,2.6,14.0,,Москва,октябрь,moscow_october.xlsx,10,4649.0,0-2 км,7-8,10
"улица Малая Лубянка, д.16, Москва",2026-10-15,2026-10-25,Москва,Россия,RUB,1.2621101,True,False,False,aparthotel_naumov_lubyanka,True,False,Aparthotel,55.76413,37.631542,8568784,True,68000.0,6800,Апарт-Отель Наумов,Naumov Apartment Hotel,Сретенский бульвар,336.0,,709.4,68000.0,808.8,RUB,True,2026-10-15T11:00:00Z,False,nomeal,68000.0,709.4,6800,68000.0,808.8,Двухместный номер Комфорт с видом на внутренний двор (двуспальная кровать),1,8.7,156.0,2395,Москва,19.0,2026-09-27 07:36:50.472,,3.6,30.0,,Москва,октябрь,moscow_october.xlsx,10,6800.0,0-2 км,8-9,10
"улица Сретенка, д. 1, Москва",2026-10-15,2026-10-25,Москва,Россия,RUB,1.449291,True,False,False,aparthotel_naumov,True,False,Aparthotel,55.766567,37.630943,8880730,True,55525.0,5553,Апарт-отель Наумов,Naumov Apart Hotel,Сретенский бульвар,313.0,,579.26,55525.0,660.42,RUB,True,2026-10-13T21:00:00Z,False,nomeal,55525.0,579.26,5553,55525.0,660.42,Двухместный номер Standard (двуспальная кровать) (кровать king size),1,8.2,329.0,2395,Москва,48.0,2026-09-27 07:36:50.472,3.0,3.7,32.0,,Москва,октябрь,moscow_october.xlsx,10,5552.5,0-2 км,8-9,10
"Прямой переулок, 3с1, Москва",2026-10-15,2026-10-25,Москва,Россия,RUB,2.4630983,True,False,False,hotel_domus_8,True,False,Hotel,55.750805,37.57935,13368013,True,76114.0,7611,Отель Домус,Domus Hotel,Смоленская (Филёвская),424.0,,794.05,76114.0,905.31,RUB,True,2026-10-13T09:00:00Z,False,nomeal,76114.0,794.05,7611,76114.0,905.31,Двухместный номер Economy (двуспальная кровать),1,8.9,137.0,2395,Москва,25.0,2026-09-27 07:36:50.472,3.0,4.4,7.0,,Москва,октябрь,moscow_october.xlsx,10,7611.4,2-5 км,8-9,10
"Тверская улица, д.22, Москва",2026-10-15,2026-10-25,Москва,Россия,RUB,1.6393764,True,False,False,interkontinental_moskva,True,False,Hotel,55.767384,37.60132,7741106,True,160720.0,16072,Отель Континенталь,Continental Hotel,Пушкинская,285.0,,1676.69,160720.0,1911.63,RUB,True,2026-10-14T11:00:00Z,False,nomeal,160720.0,1676.69,16072,160720.0,1911.63,Двухместный номер Супериор (двуспальная кровать) (кровать king size),1,8.9,1424.0,2395,Москва,201.0,2026-09-27 07:36:50.472,5.0,4.5,1220.0,awarded-hotel,Москва,октябрь,moscow_october.xlsx,10,16072.0,0-2 км,8-9,10
"улица Татищева д. 3, помещ. 1Б/1, Москва",2026-10-15,2026-10-25,Москва,Россия,RUB,4.4709306,True,False,False,avtor_shabolovskaya_hotel,True,False,Hotel,55.71564,37.615883,13395628,True,38576.0,3858,Отель Автор Шаболовская,Avtor Shabolovskaya Hotel,Шаболовская,619.0,,402.44,38576.0,458.83,RUB,True,2026-10-14T11:00:00Z,False,nomeal,38576.0,402.44,3858,38576.0,458.83,Двухместный номер (Без окна) Economy (общая ванная комната) (двуспальная кровать) (без окна),1,9.1,133.0,2395,Москва,15.0,2026-09-27 07:36:50.473,,,,,Москва,октябрь,moscow_october.xlsx,10,3857.6,2-5 км,9+,10
"вн.тер.г. муниципальный округ Соколиная гора, ул Вельяминовская, д. 34А, Москва",2026-10-15,2026-10-25,Москва,Россия,RUB,7.3058023,True,False,False,hotel_cosmos_smart_semenovskaya,True,False,Hotel,55.784946,37.722523,11237350,True,59636.0,5964,Отель Cosmos Smart Москва Семеновская,Cosmos Smart Moscow Semenovskaya Hotel,Семёновская,275.0,873.0,622.14,59636.0,709.32,RUB,True,2026-10-14T21:00:00Z,False,nomeal,59636.0,622.14,5964,59636.0,709.32,Двухместный номер Standard с видом на город (2 отдельные кровати),1,9.3,790.0,2395,Москва,120.0,2026-09-27 07:36:50.473,3.0,,,group-hotel,Москва,октябрь,moscow_october.xlsx,10,5963.6,5-10 км,9+,10
"Новинский бульвар, д.11, Москва",2026-10-15,2026-10-25,Москва,Россия,RUB,2.2450855,False,False,False,hostel__hotel_people,True,False,Hotel,55.753407,37.58206,7733936,True,29800.0,2980,Отель People Business Novinsky,People Business Novinsky Hotel,Смоленская (Филёвская),617.0,,310.88,29800.0,354.45,RUB,False,,False,nomeal,29800.0,310.88,2980,29800.0,354.45,Двухместный номер (корпус 2) Эконом (общая ванная комната) (2 отдельные кровати),1,7.8,718.0,2395,Москва,15.0,2026-09-27 07:36:50.473,2.0,4.0,115.0,,Москва,октябрь,moscow_october.xlsx,10,2980.0,2-5 км,7-8,10
"Старопименовский переулок, д.11/6с1, Москва",2026-10-15,2026-10-25,Москва,Россия,RUB,1.8277484,False,False,False,people_loft_tverskaya_hotel,True,False,Hotel,55.769897,37.60245,6682332,True,48333.0,4833,Отель People Loft Тверская,People Loft Tverskaya Street Hotel,Маяковская,393.0,,504.23,48333.0,574.88,RUB,False,,False,nomeal,48333.0,504.23,4833,48333.0,574.88,Двухместный номер Standard Мансарда (двуспальная кровать),1,8.5,628.0,2395,Москва,15.0,2026-09-27 07:36:50.569,3.0,4.1,76.0,,Москва,октябрь,moscow_october.xlsx,10,4833.3,0-2 км,8-9,10
"Хорошевское шоссе, д.23к2, Москва",2026-10-15,2026-10-25,Москва,Россия,RUB,6.0041957,True,False,False,minigostinitsa_brusnika_polezhaevskaya,True,False,Mini-hotel,55.776257,37.528755,8551959,True,46463.0,4646,Мини-Отель Брусника Полежаевская,Brusnika Polezhaevskaya Mini-Hotel,Хорошёвская,600.0,,484.72,46463.0,552.64,RUB,True,2026-10-12T11:00:00Z,False,nomeal,46463.0,484.72,4646,46463.0,552.64,Двухместный номер Стандарт (2 отдельные кровати),1,8.4,236.0,2395,Москва,16.0,2026-09-27 07:36:50.569,,2.0,6.0,,Москва,октябрь,moscow_october.xlsx,10,4646.3,5-10 км,8-9,10
"Смоленская улица, 5, Москва",2026-10-15,2026-10-25,Москва,Россия,RUB,2.601091,True,False,True,golden_ring_hotel_2,True,False,Hotel,55.745335,37.58055,7467289,True,89000.0,8900,Гостиница Золотое Кольцо,Golden Ring Hotel,Смоленская (Арбатско-Покровская),330.0,,928.48,89000.0,1058.58,RUB,True,2026-10-14T11:00:00Z,False,nomeal,89000.0,928.48,8900,89000.0,1058.58,Двухместный номер Стандарт Плюс (двуспальная кровать),1,9.1,1648.0,2395,Москва,293.0,2026-09-27 07:36:53.522,5.0,4.1,1016.0,,Москва,октябрь,moscow_october.xlsx,10,8900.0,2-5 км,9+,10
"Кожевническая улица, д.4, Москва",2026-10-15,2026-10-25,Москва,Россия,RUB,3.2466242,True,False,False,glenver_garden_paveletskaya_hotel,False,False,Hotel,55.730026,37.641933,11236308,True,80580.0,8058,Отель Glenver Garden,Glenver Garden Hotel,Павелецкая (Кольцевая),146.0,126.0,840.64,80580.0,958.43,RUB,True,2026-10-14T12:00:00Z,False,nomeal,80580.0,840.64,8058,80580.0,958.43,Двухместный номер Стандартный (двуспальная кровать),1,9.1,473.0,2395,Москва,230.0,2026-09-27 07:36:53.522,4.0,,,awarded-hotel,Москва,октябрь,moscow_october.xlsx,10,8058.0,2-5 км,9+,10
"улица Бахрушина, 11, Москва",2026-10-15,2026-10-25,Москва,Россия,RUB,2.4862134,True,False,False,ibis_moscow_centre_bakhrushina,True,False,Hotel,55.735836,37.63542,8326226,True,58950.0,5895,Отель ibis Москва Центр Бахрушина,ibis Moscow Centre Bakhrushina Hotel,Павелецкая (Замоскворецкая),431.0,90.0,614.99,58950.0,701.16,RUB,True,2026-10-14T21:00:00Z,False,nomeal,58950.0,614.99,5895,58950.0,701.16,Двухместный номер Стандартный (двуспальная кровать),1,8.9,642.0,2395,Москва,190.0,2026-09-27 07:36:53.522,3.0,,,,Москва,октябрь,moscow_october.xlsx,10,5895.0,2-5 км,8-9,10
"Малый Гнездиковский переулок, д. 9, строение 1, Москва",2026-10-15,2026-10-25,Москва,Россия,RUB,1.0399302,True,False,False,ptitsasinitsa_hotel,True,False,Hotel,55.762566,37.60609,9987566,True,67900.0,6790,Отель Птица-Синица,Ptitsa-Sinitsa Hotel,Тверская,237.0,,708.36,67900.0,807.61,RUB,True,2026-10-14T11:00:00Z,False,nomeal,67900.0,708.36,6790,67900.0,807.61,Двухместный номер Standard (двуспальная кровать) (тип кровати может измениться),1,8.2,864.0,2395,Москва,22.0,2026-09-27 07:36:53.522,3.0,3.0,10.0,,Москва,октябрь,moscow_october.xlsx,10,6790.0,0-2 км,8-9,10
"ул Петровка, д. 20/1, Москва",2026-10-15,2026-10-25,Москва,Россия,RUB,0.92904127,True,False,False,centeral_hotel_hostel,True,False,Hotel,55.76422,37.61732,8849766,True,59229.0,5923,Отель Centeral Hotel,Centeral Hotel,Трубная,504.0,,617.9,59229.0,704.48,RUB,True,2026-10-15T11:00:00Z,False,nomeal,59229.0,617.9,5923,59229.0,704.48,Двухместный номер Стандарт Мансарда (2 отдельные кровати),1,9.3,736.0,2395,Москва,21.0,2026-09-27 07:36:53.569,3.0,4.4,46.0,awarded-hotel,Москва,октябрь,moscow_october.xlsx,10,5922.9,0-2 км,9+,10
"107076, Москва, Россия, ул. Атарбекова, 4А, подъезд 5, этаж 4, помещ. 3/4, Москва",2026-10-15,2026-10-25,Москва,Россия,RUB,7.2132044,True,False,False,a4_apartments,False,False,Mini-hotel,55.79638,37.707874,9990847,True,43574.0,4357,Мини-отель Городской отель Apartments 4,Gorodskoy Otel Apartments 4 Mini Hotel,Преображенская площадь,449.0,,454.58,43574.0,518.28,RUB,True,2026-10-14T11:00:00Z,False,nomeal,43574.0,454.58,4357,43574.0,518.28,Двухместный семейный номер Комфорт с видом на город (двуспальная кровать и диван),1,9.3,483.0,2395,Москва,13.0,2026-09-27 07:36:53.569,,,,awarded-hotel,Москва,октябрь,moscow_october.xlsx,10,4357.4,5-10 км,9+,10
"улица Рогожский Вал, дом 10, Москва",2026-10-15,2026-10-25,Москва,Россия,RUB,3.8881106,True,True,False,hampton_by_hilton_moscow_rogozhsky_val,True,False,Hotel,55.7412,37.674145,9770069,True,92310.0,9231,Отель Hampton by Hilton Moscow Рогожский вал,Hampton By Hilton Moscow Rogozhskij Val Hotel,Римская,716.0,93.0,963.01,92310.0,1097.95,RUB,True,2026-10-14T12:00:00Z,True,breakfast,92310.0,963.01,9231,92310.0,1097.95,Номер с кроватью King size (двуспальная кровать),1,9.3,897.0,2395,Москва,147.0,2026-09-27 07:36:53.569,4.0,,,awarded-hotel,Москва,октябрь,moscow_october.xlsx,10,9231.0,2-5 км,9+,10
"улица Малые Каменщики, д. 16, Москва",2026-10-15,2026-10-25,Москва,Россия,RUB,3.152637,False,False,True,butikotel_butik_hotel_maximus,True,False,Hotel,55.73586,37.653442,10135435,True,44012.0,4401,Отель Максимус на Таганке,Maximus on Taganka Hotel,Таганская (Таганско-Краснопресненская),402.0,,459.15,44012.0,523.48,RUB,False,,False,nomeal,44012.0,459.15,4401,44012.0,523.48,Двухместная студия с видом на внутренний двор (двуспальная кровать) (тип кровати может измениться),1,7.7,88.0,2395,Москва,21.0,2026-09-27 07:36:53.569,,,,,Москва,октябрь,moscow_october.xlsx,10,4401.2,2-5 км,7-8,10
"Верхняя Красносельская улица, д.11Ас4, Москва",2026-10-15,2026-10-25,Москва,Россия,RUB,4.2904034,False,False,True,hilton_garden_inn_moscow_krasnoselskaya_hotel,False,False,Hotel,55.78476,37.663223,9751449,True,61560.0,6156,Отель Москва Красносельская (бывший Хилтон Гарден Инн Красносельская),Hotel Moscow Krasnoselskaya (ex. Hilton Garden Inn Krasnoselskaya),Красносельская,575.0,,642.22,61560.0,732.2,RUB,False,,False,nomeal,61560.0,642.22,6156,61560.0,732.2,Двухместный номер Стандарт (двуспальная кровать) (кровать king size),1,8.9,1560.0,2395,Москва,292.0,2026-09-27 07:36:53.569,4.0,4.5,538.0,,Москва,октябрь,moscow_october.xlsx,10,6156.0,2-5 км,8-9,10
"Каланчевская улица, 6/2 строение 2, Москва",2026-10-15,2026-10-25,Москва,Россия,RUB,2.7822247,True,False,False,hotel_shelterz_tri_vokzala,False,False,Hotel,55.771347,37.65267,11292242,True,19160.0,1916,Отель SHELTERZ Три вокзала,Hotel Shelterz Tri Vokzala,Красные ворота,370.0,,199.88,19160.0,227.89,RUB,True,2026-10-14T10:30:00Z,False,nomeal,19160.0,199.88,1916,19160.0,227.89,"Двухместный номер Эконом-класса (без окна, верхняя кровать) (общая ванная комната) (двуспальная кровать) (без окна)",1,8.9,735.0,2395,Москва,79.0,2026-09-27 07:36:53.569,,,,,Москва,октябрь,moscow_october.xlsx,10,1916.0,2-5 км,8-9,10
"ул. Тверская, 26/1, Москва",2026-10-15,2026-10-25,Москва,Россия,RUB,1.8093472,True,True,False,safmar_grand_moscow_exmarriott_grand,True,False,Hotel,55.768707,37.59991,11231733,True,170425.0,17043,Сафмар Грандъ Москва (бывший Марриотт Гранд),Safmar Grand Moscow (ex-Marriott Grand),Маяковская,264.0,1790.0,1777.93,170425.0,2027.06,RUB,True,2026-10-14T21:00:00Z,True,breakfast,170425.0,1777.93,17043,170425.0,2027.06,Двухместный номер Представительский (2 отдельные кровати) (доступ в лаунж),1,8.8,1092.0,2395,Москва,385.0,2026-09-27 07:36:53.569,5.0,2.5,20.0,,Москва,октябрь,moscow_october.xlsx,10,17042.5,0-2 км,8-9,10
"улица Тверская, д. 12, стр. 9, помещ. 2/Ч, Москва",2026-10-15,2026-10-25,Москва,Россия,RUB,0.99321187,False,False,True,hotel_lafaett,False,False,Hotel,55.763584,37.609695,8684676,True,41930.0,4193,Отель Лафаетт,Lafayette Hotel,Чеховская,269.0,,437.43,41930.0,498.72,RUB,False,,False,nomeal,41930.0,437.43,4193,41930.0,498.72,Двухместный номер Economy с красивым видом из окна (общая ванная комната) (двуспальная кровать),1,8.5,322.0,2395,Москва,7.0,2026-09-27 07:36:53.569,2.0,,,,Москва,октябрь,moscow_october.xlsx,10,4193.0,0-2 км,8-9,10
"улица Бахрушина, д 11 , Москва",2026-10-15,2026-10-25,Москва,Россия,RUB,2.4612353,True,False,False,mercure_moscow_paveletskaya_2,True,False,Hotel,55.73617,37.635715,8326248,True,74700.0,7470,Отель Mercure Москва Павелецкая,Mercure Moscow Paveletskaya Hotel,Павелецкая (Замоскворецкая),459.0,13.0,779.3,74700.0,888.49,RUB,True,2026-10-14T21:00:00Z,False,nomeal,74700.0,779.3,7470,74700.0,888.49,Двухместный номер классический (двуспальная кровать),1,9.1,597.0,2395,Москва,149.0,2026-09-27 07:36:53.569,4.0,,,awarded-hotel,Москва,октябрь,moscow_october.xlsx,10,7470.0,2-5 км,9+,10
"3-я ул. Ямского поля, д. 26А, Москва",2026-10-15,2026-10-25,Москва,Россия,RUB,3.8547397,True,False,False,redisson_belorusskaia_moskva,True,False,Hotel,55.78303,37.579353,7858838,True,108000.0,10800,"Гостиница Radisson Blu Белорусская, Москва",Radisson Blu Belorusskaya Moskva Hotel,Белорусская (Кольцевая),646.0,18.0,1126.69,108000.0,1284.57,RUB,True,2026-10-14T12:00:00Z,False,nomeal,108000.0,1126.69,10800,108000.0,1284.57,Номер Стандартный,1,8.8,687.0,2395,Москва,264.0,2026-09-27 07:36:53.571,4.0,,,,Москва,октябрь,moscow_october.xlsx,10,10800.0,2-5 км,8-9,10
"Верхняя Первомайская улица, д.2А, Москва",2026-10-15,2026-10-25,Москва,Россия,RUB,11.421901,True,False,False,na_pervomajskoj_hotel,True,False,Hotel,55.79818,37.784256,9079357,,31500.0,3150,Отель Амай,Amay Hotel,Первомайская,1038.0,,328.62,31500.0,374.67,RUB,True,2026-10-15T11:00:00Z,False,nomeal,31500.0,328.62,3150,31500.0,374.67,Двухместный номер-студио (двуспальная кровать),1,8.3,848.0,2395,Москва,149.0,2026-09-27 07:36:53.571,3.0,2.0,9.0,,Москва,октябрь,moscow_october.xlsx,10,3150.0,10-20 км,8-9,6
"ул. Симоновский Вал, 2, Москва",2026-10-15,2026-10-25,Москва,Россия,RUB,3.9982984,True,False,False,kholidei_inn_moskva_simonovskii,True,False,Hotel,55.729275,37.660767,7467389,True,71424.0,7142,Отель Холидей Таганский,Holiday Tagansky Hotel,Крестьянская застава,436.0,79.0,745.12,71424.0,849.53,RUB,True,2026-10-14T21:00:00Z,False,nomeal,71424.0,745.12,7142,71424.0,849.53,Двухместный номер стандартный (двуспальная кровать),1,8.7,1095.0,2395,Москва,220.0,2026-09-27 07:36:53.571,4.0,4.0,605.0,,Москва,октябрь,moscow_october.xlsx,10,7142.4,2-5 км,8-9,10
"улица Расковой, д.24, стр.4, Москва",2026-10-15,2026-10-25,Москва,Россия,RUB,4.4393034,True,False,False,buddotel_moskva,True,False,Hotel,55.788185,37.575954,6518015,True,43943.0,4394,Отель БуддОтель,BuddHotel Hotel,Савёловская,990.0,,458.43,43943.0,522.66,RUB,True,2026-10-14T11:00:00Z,False,nomeal,43943.0,458.43,4394,43943.0,522.66,Двухместный номер Standard (двуспальная кровать),1,8.6,512.0,2395,Москва,37.0,2026-09-27 07:36:53.571,3.0,3.7,60.0,,Москва,октябрь,moscow_october.xlsx,10,4394.3,2-5 км,8-9,10
"115035 Москва, Космодамианская наб. д. 40-42, стр. 3 помещение. 1/1, Москва",2026-10-15,2026-10-25,Москва,Россия,RUB,2.622,True,False,False,croissant_bakery_and_hotel,True,False,Hostel,55.73776,37.644585,6656198,True,20301.0,2030,Хостел Автор Павелецкая,Avtor Paveleckaya Hostel,Таганская (Таганско-Краснопресненская),574.0,,211.79,20301.0,241.46,RUB,True,2026-10-12T11:00:00Z,False,nomeal,20301.0,211.79,2030,20301.0,241.46,Капсула Classic (общая ванная комната) (двуспальная кровать),1,8.6,474.0,2395,Москва,10.0,2026-09-27 07:36:53.571,,,,,Москва,октябрь,moscow_october.xlsx,10,2030.1,2-5 км,8-9,10
"улица Новый Арбат, 15, Москва",2026-10-15,2026-10-25,Москва,Россия,RUB,1.6009573,True,False,False,pentahotel_moscow_arbat,True,False,Hotel,55.751934,37.593067,8869717,True,93500.0,9350,Отель Pentahotel Moscow Arbat,Pentahotel Moscow Arbat Hotel,Арбатская (Филёвская),530.0,285.0,975.42,93500.0,1112.1,RUB,True,2026-10-14T11:00:00Z,False,nomeal,93500.0,975.42,9350,93500.0,1112.1,Двухместный номер Пента Стандартный (двуспальная кровать),1,9.0,1010.0,2395,Москва,228.0,2026-09-27 07:36:53.571,4.0,4.0,167.0,,Москва,октябрь,moscow_october.xlsx,10,9350.0,0-2 км,8-9,10
"переулок Расторгуевский, д.4с2, Москва",2026-10-15,2026-10-25,Москва,Россия,RUB,3.1263962,True,False,False,lemar_hotel,False,False,Hotel,55.7653,37.57059,9751549,True,55000.0,5500,Отель Лемар,Lemar Hotel,Улица 1905 года,587.0,,573.78,55000.0,654.18,RUB,True,2026-10-14T11:00:00Z,False,nomeal,55000.0,573.78,5500,55000.0,654.18,Двухместный номер Стандарт (двуспальная кровать),1,7.6,538.0,2395,Москва,67.0,2026-09-27 07:36:53.571,3.0,2.3,13.0,,Москва,октябрь,moscow_october.xlsx,10,5500.0,2-5 км,7-8,10
"Юрловский проезд, 14, корп.4, Москва",2026-10-15,2026-10-25,Москва,Россия,RUB,13.694093,False,False,False,fortuna_best_mini_hotel,True,False,Mini-hotel,55.879036,37.61062,10002093,True,37587.0,3759,Мини-отель Фортуна Бест,Fortuna Best Mini Hotel,Бибирево,718.0,,392.12,37587.0,447.07,RUB,False,,False,nomeal,37587.0,392.12,3759,37587.0,447.07,Двухместный номер Standard (2 отдельные кровати),1,8.0,33.0,2395,Москва,5.0,2026-09-27 07:36:56.071,,,,,Москва,октябрь,moscow_october.xlsx,10,3758.7,10-20 км,7-8,10
"Дмитровское шоссе, д. 46/2, Москва",2026-10-15,2026-10-25,Москва,Россия,RUB,10.242179,True,False,False,ahoumhotel_na_okruzhnoj,True,False,Hotel,55.844406,37.572136,8877655,True,41400.0,4140,Отель Ахоум-Отель,Ahoum-otel Hotel,Окружная (Люблинско-Дмитровская),203.0,,431.9,41400.0,492.42,RUB,True,2026-10-15T11:00:00Z,False,nomeal,41400.0,431.9,4140,41400.0,492.42,Двухместная студия (двуспальная кровать),1,8.2,444.0,2395,Москва,118.0,2026-09-27 07:36:56.071,3.0,2.8,14.0,,Москва,октябрь,moscow_october.xlsx,10,4140.0,10-20 км,8-9,6
"улица Сущевский Вал, д. 74, Москва",2026-10-15,2026-10-25,Москва,Россия,RUB,4.044241,True,False,True,kholidei_inn_sushchevskii,True,False,Hotel,55.79128,37.63261,7467381,True,59130.0,5913,Отель Сущевский Сафмар (бывший Холидей Инн Москва Сущевский),Hotel Suschevsky Safmar (ex. Holiday inn Suschevsky),Рижская (Большая Кольцевая),152.0,1790.0,616.86,59130.0,703.3,RUB,True,2026-10-14T21:00:00Z,False,nomeal,59130.0,616.86,5913,59130.0,703.3,Двухместный номер с диваном Стандартный (двуспальная кровать и диван) (в главном здании),1,8.7,1747.0,2395,Москва,312.0,2026-09-27 07:36:56.071,4.0,3.9,1102.0,,Москва,октябрь,moscow_october.xlsx,10,5913.0,2-5 км,8-9,10
"проспект Андропова, д.10, Москва",2026-10-15,2026-10-25,Москва,Россия,RUB,7.472715,True,False,False,apartotel_yes_technopark,True,False,Aparthotel,55.69429,37.665714,10151494,True,66885.0,6689,Апарт-отель Yes Technopark,Yes Technopark Apart-Hotel,Технопарк,341.0,,697.77,66885.0,795.54,RUB,True,2026-10-14T21:00:00Z,False,nomeal,66885.0,697.77,6689,66885.0,795.54,Студия (первая категория) с диваном (диван) (в главном здании),1,9.2,153.0,2395,Москва,166.0,2026-09-27 07:36:56.071,4.0,,,awarded-hotel,Москва,октябрь,moscow_october.xlsx,10,6688.5,5-10 км,9+,9
"улица 2-я Рощинская, д. 10, Москва",2026-10-15,2026-10-25,Москва,Россия,RUB,5.1293626,True,False,True,raldomoscow_apart_hotel,False,False,Hotel,55.709824,37.611767,10292809,True,62816.0,6282,Гостиница Апарт-отель Raido.Moscow Forest,Raido.Moscow Forest Apart Hotel,Тульская,690.0,,655.32,62816.0,747.14,RUB,True,2026-10-13T12:00:00Z,False,nomeal,62816.0,655.32,6282,62816.0,747.14,Двухместные апартаменты (двуспальная кровать),1,9.3,496.0,2395,Москва,28.0,2026-09-27 07:36:56.071,3.0,,,awarded-hotel,Москва,октябрь,moscow_october.xlsx,10,6281.6,5-10 км,9+,10
"Измайловское шоссе, д. 71, корп. 4 Г-Д, Москва",2026-10-15,2026-10-25,Москва,Россия,RUB,9.178633,True,False,False,otel_izmailovo_delta,True,False,Hotel,55.792824,37.749035,7402133,True,52545.0,5255,Отель Дельта Измайлово,Izmailovo Delta Hotel,Партизанская,490.0,,548.17,52545.0,624.98,RUB,True,2026-10-14T11:00:00Z,False,nomeal,52545.0,548.17,5255,52545.0,624.98,Двухместный номер Стандарт (2 отдельные кровати) (в главном здании),1,8.3,768.0,2395,Москва,975.0,2026-09-27 07:36:56.071,4.0,3.3,8.0,business-hotel,Москва,октябрь,moscow_october.xlsx,10,5254.5,5-10 км,8-9,10
"пер. Сытинский, д.3/5, помещ. 4/1, Москва",2026-10-15,2026-10-25,Москва,Россия,RUB,1.3526337,True,False,False,sofit_butikhotel,True,False,Boutique_and_Design,55.76396,37.601547,8849518,True,65000.0,6500,Бутик-отель Софит,Sofit Boutique Hotel,Пушкинская,224.0,,678.1,65000.0,773.12,RUB,True,2026-10-15T11:00:00Z,False,nomeal,65000.0,678.1,6500,65000.0,773.12,Двухместный номер Standard с видом на город (двуспальная кровать),1,8.9,231.0,2395,Москва,36.0,2026-09-27 07:36:56.071,4.0,4.3,58.0,,Москва,октябрь,moscow_october.xlsx,10,6500.0,0-2 км,8-9,10
"улица Космонавта Волкова, д.6 А, Москва",2026-10-15,2026-10-25,Москва,Россия,RUB,9.304482,False,False,False,art_moskva_hotel,True,False,Hotel,55.81527,37.512753,8748812,,70830.0,7083,"Отель Арт Москва, ZONT Hotel Group",Art Moscow by ZONT Hotel Group Hotel,Войковская,1022.0,,738.92,70830.0,842.46,RUB,False,,False,nomeal,70830.0,738.92,7083,70830.0,842.46,Двухместный номер Standard (2 отдельные кровати),1,8.7,375.0,2395,Москва,264.0,2026-09-27 07:36:56.071,4.0,,,,Москва,октябрь,moscow_october.xlsx,10,7083.0,5-10 км,8-9,10
"улица Маршала Рыбалко, д.2/5, Москва",2026-10-15,2026-10-25,Москва,Россия,RUB,8.803242,True,False,True,ibis_moscow_oktyabrskoye_pole,True,False,Hotel,55.79799,37.4984,8850223,True,56950.0,5695,Гостиница Ибис Москва Октябрьское Поле,Ibis Moskva Oktyabrskoe Pole Hotel,Панфиловская,120.0,90.0,594.12,56950.0,677.37,RUB,True,2026-10-14T21:00:00Z,False,nomeal,56950.0,594.12,5695,56950.0,677.37,Двухместный номер Стандартный (двуспальная кровать) (кровать queen size),1,8.7,399.0,2395,Москва,240.0,2026-09-27 07:36:56.071,3.0,4.1,190.0,,Москва,октябрь,moscow_october.xlsx,10,5695.0,5-10 км,8-9,10
"улица Мневники, дом 3, корп. 2, Москва",2026-10-15,2026-10-25,Москва,Россия,RUB,7.6789775,True,False,False,moscow_holiday_hotel,False,False,Hotel,55.773636,37.498997,8664628,True,46690.0,4669,Отель Moscow Holiday,Moscow Holiday Hotel,Хорошёво,645.0,,487.09,46690.0,555.34,RUB,True,2026-10-14T11:00:00Z,False,nomeal,46690.0,487.09,4669,46690.0,555.34,Двухместный номер Стандартный с видом на город (2 отдельные кровати),1,8.1,348.0,2395,Москва,198.0,2026-09-27 07:36:56.071,4.0,,,,Москва,октябрь,moscow_october.xlsx,10,4669.0,5-10 км,8-9,10
"улица Малевича, д.2, корп.6, Москва",2026-10-15,2026-10-25,Москва,Россия,RUB,17.68455,True,False,False,azimut_skolkovo_hotel,True,False,Hotel,55.69791,37.354492,13461963,,34000.0,3400,AZIMUT Отель Сколково 3*,AZIMUT Hotel Skolkovo 3*,,,1199.0,354.7,34000.0,404.4,RUB,True,2026-10-14T21:00:00Z,False,nomeal,34000.0,354.7,3400,34000.0,404.4,Двухместный номер Standard (двуспальная кровать),1,8.9,81.0,2395,Москва,224.0,2026-09-27 07:36:56.071,3.0,,,awarded-hotel,Москва,октябрь,moscow_october.xlsx,10,3400.0,10-20 км,8-9,10
"Ярославская улица, 10к2, Москва",2026-10-15,2026-10-25,Москва,Россия,RUB,7.4339266,True,False,False,zolotoj_kolos_hotel_2,True,False,Hotel,55.82056,37.64798,9209119,True,40455.0,4046,Отель Мартон ВДНХ,Marton VDNH Hotel,ВДНХ,442.0,,422.04,40455.0,481.18,RUB,True,2026-10-14T11:00:00Z,False,nomeal,40455.0,422.04,4046,40455.0,481.18,Двухместный номер Budget с видом на внутренний двор (2 отдельные кровати),1,8.0,368.0,2395,Москва,43.0,2026-09-27 07:36:56.072,3.0,,,,Москва,октябрь,moscow_october.xlsx,10,4045.5,5-10 км,7-8,10
"1-ая Тверская Ямская ул., д. 19, Москва",2026-10-15,2026-10-25,Москва,Россия,RUB,2.7482452,True,False,False,gostinitsa_sheraton_palas_moskva,True,False,Hotel,55.77405,37.58791,7597114,True,104500.0,10450,Отель Сафмар Палас Москва,Safmar Palace Hotel Moscow (ex.Sheraton Palace),Белорусская (Замоскворецкая),523.0,1790.0,1090.18,104500.0,1242.94,RUB,True,2026-10-14T21:00:00Z,False,nomeal,104500.0,1090.18,10450,104500.0,1242.94,Двухместный номер Классический (2 отдельные кровати),1,9.1,683.0,2395,Москва,215.0,2026-09-27 07:36:56.072,5.0,,,awarded-hotel,Москва,октябрь,moscow_october.xlsx,10,10450.0,2-5 км,9+,10
"переулок Сивцев Вражек, 45, строение 1, Москва",2026-10-15,2026-10-25,Москва,Россия,RUB,2.247487,True,False,False,boutique_hotel_vellion_smolenskiy,True,False,Hotel,55.746243,37.586086,13297596,True,73454.0,7345,Отель Веллион Смоленский,Vellion Smolensky Hotel,Смоленская (Арбатско-Покровская),210.0,,766.3,73454.0,873.67,RUB,True,2026-10-14T09:00:00Z,False,nomeal,73454.0,766.3,7345,73454.0,873.67,Двухместный номер Standard (двуспальная кровать),1,8.7,156.0,2395,Москва,21.0,2026-09-27 07:36:56.072,4.0,4.3,11.0,,Москва,октябрь,moscow_october.xlsx,10,7345.4,2-5 км,8-9,10
"Петровка ул., д. 17, стр. 5, помещ. 1/Н, Москва",2026-10-15,2026-10-25,Москва,Россия,RUB,0.9757508,True,False,False,otel_apelsin_na_petrovke,True,False,Hotel,55.76456,37.61555,7726103,True,65861.0,6586,Отель Петровка 17,Petrovka 17 Hotel,Чеховская,485.0,,687.09,65861.0,783.36,RUB,True,2026-10-12T11:00:00Z,False,nomeal,65861.0,687.09,6586,65861.0,783.36,Двухместный номер Улучшенный (двуспальная кровать),1,8.6,174.0,2395,Москва,15.0,2026-09-27 07:36:56.072,3.0,3.5,51.0,,Москва,октябрь,moscow_october.xlsx,10,6586.1,0-2 км,8-9,10
"Дубининская улица, 33 B, Москва",2026-10-15,2026-10-25,Москва,Россия,RUB,3.709621,True,True,True,holiday_inn_express_moscow_paveletskaya,False,False,Hotel,55.72492,37.63995,8734938,True,84100.0,8410,Отель Cosmos Smart Москва Дубининская,Cosmos Smart Moscow Dubininskaya Hotel,Павелецкая (Кольцевая),537.0,873.0,877.36,84100.0,1000.3,RUB,True,2026-10-14T12:00:00Z,True,breakfast,84100.0,877.36,8410,84100.0,1000.3,Двухместный номер Стандартный (2 отдельные кровати),1,9.0,1166.0,2395,Москва,243.0,2026-09-27 07:36:56.072,3.0,4.2,190.0,,Москва,октябрь,moscow_october.xlsx,10,8410.0,2-5 км,8-9,10
"улица Ярославская, дом 15, корп 3, Москва",2026-10-15,2026-10-25,Москва,Россия,RUB,7.325924,True,False,False,gostinitsa_zolotoi_kolos,True,False,Hotel,55.819798,37.646317,8659834,True,55934.0,5593,Отель ГОСТИНИЦА ЗОЛОТОЙ КОЛОС,GOSTINITSA ZOLOTOY KOLOS Hotel,ВДНХ,373.0,,583.52,55934.0,665.29,RUB,True,2026-10-14T09:00:00Z,False,nomeal,55934.0,583.52,5593,55934.0,665.29,Двухместный номер Standard (2 отдельные кровати),1,8.3,1576.0,2395,Москва,78.0,2026-09-27 07:36:56.072,3.0,3.5,328.0,,Москва,октябрь,moscow_october.xlsx,10,5593.4,5-10 км,8-9,10
"Бауманская улица, д.54, стр. 1, Москва",2026-10-15,2026-10-25,Москва,Россия,RUB,4.1115265,False,False,False,mercure_moscow_baumanskaya,True,False,Hotel,55.76921,37.679035,8142740,True,95769.0,9577,Отель Mercure Москва Бауманская,Mercure Moscow Baumanskaya Hotel,Бауманская,356.0,9.0,999.1,95769.0,1139.09,RUB,False,,False,nomeal,95769.0,999.1,9577,95769.0,1139.09,Двухместный номер Superior (двуспальная кровать),1,9.2,1112.0,2395,Москва,47.0,2026-09-27 07:36:56.072,4.0,4.7,858.0,awarded-hotel,Москва,октябрь,moscow_october.xlsx,10,9576.9,2-5 км,9+,3
"ул. 1-я Тверская Ямская, д. 34, Москва",2026-10-15,2026-10-25,Москва,Россия,RUB,2.944887,True,True,True,gostinitsa_marriott_tverskaia,True,False,Hotel,55.775875,37.586815,7597423,True,130950.0,13095,Отель Сафмар Тверская Москва (бывший Марриотт Тверская),Safmar Tverskaya Hotel (ex. Marriott Hotel Tverskaya),Белорусская (Кольцевая),343.0,1790.0,1366.12,130950.0,1557.54,RUB,True,2026-10-14T21:00:00Z,True,breakfast,130950.0,1366.12,13095,130950.0,1557.54,"Двухместный полулюкс (двуспальная кровать) (кровать king size, в главном здании)",1,8.8,1606.0,2395,Москва,162.0,2026-09-27 07:36:56.072,4.0,4.0,1023.0,,Москва,октябрь,moscow_october.xlsx,10,13095.0,2-5 км,8-9,10
"Озерковская набережная, д. 26, Москва",2026-10-15,2026-10-25,Москва,Россия,RUB,2.1908462,True,False,False,crowne_plaza_moscow_tretyakovskaya,True,False,Hotel,55.739563,37.637405,9291722,True,75150.0,7515,"Отель Аквамарин, ZONT Hotel Group",Aquamarine Hotel by ZONT Hotel Group,Новокузнецкая,601.0,,783.99,75150.0,893.84,RUB,True,2026-10-14T12:00:00Z,False,nomeal,75150.0,783.99,7515,75150.0,893.84,Двухместный номер Стандарт (2 отдельные кровати),1,9.3,1493.0,2395,Москва,157.0,2026-09-27 07:36:56.270,4.0,4.4,765.0,awarded-hotel,Москва,октябрь,moscow_october.xlsx,10,7515.0,2-5 км,9+,10
"Тетеринский переулок, д. 12 стр. 4, Москва",2026-10-15,2026-10-25,Москва,Россия,RUB,2.4686248,True,True,False,kontsert_na_taganskoy_hotel,True,False,Hotel,55.7449,37.65203,10619893,True,42940.0,4294,Отель Концерт на Таганской,Kontsert Na Taganskoy Hotel,Таганская (Кольцевая),291.0,,447.97,42940.0,510.73,RUB,True,2026-10-14T21:00:00Z,True,breakfast,42940.0,447.97,4294,42940.0,510.73,Двухместный номер Standard (2 отдельные кровати),1,8.3,435.0,2395,Москва,16.0,2026-09-27 07:36:58.469,2.0,,,,Москва,октябрь,moscow_october.xlsx,10,4294.0,2-5 км,8-9,10
"Русаковская улица, д. 24, Москва",2026-10-15,2026-10-25,Москва,Россия,RUB,5.2757945,True,False,True,otel_kholidei_inn_moskva_sokolniki,False,False,Hotel,55.787693,37.68033,7600142,True,93150.0,9315,Отель Холидей Инн Москва Сокольники,Holiday Inn Moscow Sokolniki Hotel,Сокольники (Сокольническая),172.0,79.0,971.77,93150.0,1107.94,RUB,True,2026-10-12T11:00:00Z,False,nomeal,93150.0,971.77,9315,93150.0,1107.94,Двухместный номер Супериор с видом на город (двуспальная кровать),1,9.0,2804.0,2395,Москва,523.0,2026-09-27 07:36:58.469,4.0,4.1,1635.0,,Москва,октябрь,moscow_october.xlsx,10,9315.0,5-10 км,8-9,10
"Грохольский переулок, д.32, стр. 2, Москва",2026-10-15,2026-10-25,Москва,Россия,RUB,2.8791878,True,False,False,trips,True,False,Hotel,55.777275,37.643635,8849652,True,51856.0,5186,Отель Trips,Trips Hotel,Проспект Мира (Кольцевая),809.0,,540.98,51856.0,616.78,RUB,True,2026-10-14T12:00:00Z,False,nomeal,51856.0,540.98,5186,51856.0,616.78,Двухместный номер Standard (двуспальная кровать),1,8.1,243.0,2395,Москва,12.0,2026-09-27 07:36:58.469,2.0,3.4,11.0,,Москва,октябрь,moscow_october.xlsx,10,5185.6,2-5 км,8-9,10
"улица Кожевническая, д. 8, стр. 3, Москва",2026-10-15,2026-10-25,Москва,Россия,RUB,3.3783166,True,False,True,courtyard_by_marriott_moscow_paveletskaya_hotel,False,False,Hotel,55.72928,37.6439,7765017,True,76500.0,7650,Отель Cosmos Москва Павелецкая,Cosmos Moscow Paveletskaya Hotel,Павелецкая (Кольцевая),271.0,873.0,798.07,76500.0,909.9,RUB,True,2026-10-14T12:00:00Z,False,nomeal,76500.0,798.07,7650,76500.0,909.9,Двухместный номер Стандарт (двуспальная кровать) (кровать king size),1,9.1,965.0,2395,Москва,171.0,2026-09-27 07:36:58.469,4.0,4.0,505.0,,Москва,октябрь,moscow_october.xlsx,10,7650.0,2-5 км,9+,10
"ул. Малая Дмитровка, д 25, строение 3, Москва",2026-10-15,2026-10-25,Москва,Россия,RUB,1.8661016,True,False,False,arium_hotel,True,False,Hotel,55.7708,37.60406,8745790,True,74400.0,7440,Отель Arium by Brosko,Arium Hotel by Brosko,Маяковская,506.0,,776.17,74400.0,884.92,RUB,True,2026-10-14T21:00:00Z,False,nomeal,74400.0,776.17,7440,74400.0,884.92,Двухместный номер Стандарт (двуспальная кровать) (кровать king size),1,8.5,268.0,2395,Москва,60.0,2026-09-27 07:36:58.469,4.0,4.1,58.0,,Москва,октябрь,moscow_october.xlsx,10,7440.0,0-2 км,8-9,10
"Космодамианская наб., д. 52, стр.6, Москва",2026-10-15,2026-10-25,Москва,Россия,RUB,3.0229025,True,False,False,swissotel_krasnye_holmy,True,False,Hotel,55.733257,37.644585,7590804,True,141750.0,14175,Отель Swissotel Красные Холмы,Swissôtel Krasnye Holmi Moscow,Павелецкая (Замоскворецкая),416.0,1509.0,1478.79,141750.0,1685.99,RUB,True,2026-10-14T21:00:00Z,False,nomeal,141750.0,1478.79,14175,141750.0,1685.99,Двухместный номер Классический с видом на город (2 отдельные кровати),1,8.8,2061.0,2395,Москва,233.0,2026-09-27 07:36:58.469,5.0,4.6,1588.0,awarded-hotel,Москва,октябрь,moscow_october.xlsx,10,14175.0,2-5 км,8-9,10
"вн.тер.г. муниципальный округ Басманный, пер Токмаков, д. 4, Москва",2026-10-15,2026-10-25,Москва,Россия,RUB,3.4540794,False,False,False,stayway_na_kurskoy_hotel,True,False,Mini-hotel,55.76705,37.669243,13859188,True,19503.0,1950,Мини-отель StayWay на Курской,Stayway na Kurskoy Mini Hotel,Бауманская,856.0,,203.46,19503.0,231.97,RUB,False,,False,nomeal,19503.0,203.46,1950,19503.0,231.97,Двухместный номер Economy (общая ванная комната) (двуспальная кровать) (без окна),1,7.3,71.0,2395,Москва,65.0,2026-09-27 07:36:58.469,,,,,Москва,октябрь,moscow_october.xlsx,10,1950.3,2-5 км,7-8,10
"улица 4-я Магистральная, д. 4/11, Москва",2026-10-15,2026-10-25,Москва,Россия,RUB,6.7286906,True,False,True,palmira_art_hotel,True,False,Hotel,55.77599,37.516182,13287330,True,120330.0,12033,Отель Palmira Art,Palmira Art Hotel,Полежаевская,172.0,,1255.32,120330.0,1431.22,RUB,True,2026-10-14T12:00:00Z,False,nomeal,120330.0,1255.32,12033,120330.0,1431.22,Двухместный номер Стандарт (двуспальная кровать),1,9.2,310.0,2395,Москва,225.0,2026-09-27 07:36:58.469,4.0,,,awarded-hotel,Москва,октябрь,moscow_october.xlsx,10,12033.0,5-10 км,9+,10
"улица Моховая, д. 15/1, стр. 1, Москва",2026-10-15,2026-10-25,Москва,Россия,RUB,0.24142727,True,False,True,gostinitsa_natsional_moskva,True,False,Hotel,55.75664,37.614094,7467340,True,160480.0,16048,Гостиница Националь Москва,National Hotel,Охотный ряд,111.0,1790.0,1674.18,160480.0,1908.77,RUB,True,2026-10-14T21:00:00Z,False,nomeal,160480.0,1674.18,16048,160480.0,1908.77,Двухместный номер Классический (2 отдельные кровати),1,8.9,2893.0,2395,Москва,202.0,2026-09-27 07:36:58.469,5.0,4.5,1928.0,awarded-hotel,Москва,октябрь,moscow_october.xlsx,10,16048.0,0-2 км,8-9,10
"Ленинградский проспект 36 строение 33, Москва",2026-10-15,2026-10-25,Москва,Россия,RUB,4.6991205,True,False,False,petrovskij_park_congress_hotel,False,False,Hotel,55.78683,37.5665,10001298,True,146475.0,14648,Отель Hyatt Regency Moscow Petrovsky Park,Hyatt Regency Moscow Petrovsky Park Hotel,Динамо,611.0,27.0,1528.08,146475.0,1742.19,RUB,True,2026-10-14T21:00:00Z,False,nomeal,146475.0,1528.08,14648,146475.0,1742.19,Двухместный номер Стандартный (двуспальная кровать) (кровать king size),1,9.3,764.0,2395,Москва,298.0,2026-09-27 07:36:58.469,5.0,4.3,425.0,awarded-hotel,Москва,октябрь,moscow_october.xlsx,10,14647.5,2-5 км,9+,10
"Каланчевская ул.21/40, Москва",2026-10-15,2026-10-25,Москва,Россия,RUB,2.9362555,True,False,True,gostinitsa_khilton_leningradskaia,False,False,Hotel,55.774033,37.651802,7601804,True,117000.0,11700,Отель Hilton Москва Ленинградская,Hilton Moscow Leningradskaya Hotel,Комсомольская (Кольцевая),275.0,,1220.59,117000.0,1391.61,RUB,True,2026-10-15T11:00:00Z,False,nomeal,117000.0,1220.59,11700,117000.0,1391.61,Двухместный номер Делюкс (двуспальная кровать) (кровать king size),1,8.7,574.0,2395,Москва,273.0,2026-09-27 07:36:58.469,5.0,,,,Москва,октябрь,moscow_october.xlsx,10,11700.0,2-5 км,8-9,10
"Старопименовский переулок, д.11с2, Москва",2026-10-15,2026-10-25,Москва,Россия,RUB,1.8411976,False,False,False,palaty_khovanskikh_butikhotel,True,False,Boutique_and_Design,55.770145,37.602768,11341011,True,87210.0,8721,Бутик-отель Палаты Хованских,Palaty Khovanskikh  Butik-hotel,Маяковская,414.0,,909.81,87210.0,1037.29,RUB,False,,False,nomeal,87210.0,909.81,8721,87210.0,1037.29,Двухместный номер Superior (двуспальная кровать и диван),1,8.5,54.0,2395,Москва,13.0,2026-09-27 07:36:58.469,4.0,,,awarded-hotel,Москва,октябрь,moscow_october.xlsx,10,8721.0,0-2 км,8-9,10
"улица Красная Пресня, д.30 стр.3, Москва",2026-10-15,2026-10-25,Москва,Россия,RUB,3.1873171,True,False,False,winewood_moscow_lounge_hotel,True,False,Hotel,55.762676,37.56818,8854262,True,78000.0,7800,Отель WineWood Moscow,WineWood Moscow Hotel,Улица 1905 года,460.0,,813.72,78000.0,927.74,RUB,True,2026-10-12T11:00:00Z,False,nomeal,78000.0,813.72,7800,78000.0,927.74,Двухместный номер Стандарт (двуспальная кровать),1,9.1,256.0,2395,Москва,49.0,2026-09-27 07:36:58.469,4.0,4.6,58.0,awarded-hotel,Москва,октябрь,moscow_october.xlsx,10,7800.0,2-5 км,9+,10
"улица Маршала Рыбалко, д.2/5, Москва",2026-10-15,2026-10-25,Москва,Россия,RUB,8.803242,True,False,False,ibis_budget_moscow_panfilovskaya,True,False,Hotel,55.79799,37.4984,8735315,True,40800.0,4080,Отель Ibis budget Москва Панфиловская,Ibis Budget Moskva Panfilovskaya Hotel,Панфиловская,120.0,38.0,425.64,40800.0,485.28,RUB,True,2026-10-14T12:00:00Z,False,nomeal,40800.0,425.64,4080,40800.0,485.28,Двухместный номер Standard (2 отдельные кровати),1,8.9,417.0,2395,Москва,114.0,2026-09-27 07:36:58.469,2.0,4.3,171.0,,Москва,октябрь,moscow_october.xlsx,10,4080.0,5-10 км,8-9,10
"Вознесенский переулок, д.7, Москва",2026-10-15,2026-10-25,Москва,Россия,RUB,0.88803846,True,False,False,courtyard_by_marriott_moscow_city_center,True,False,Hotel,55.757973,37.604,7597525,True,103840.0,10384,Отель Арткорт Москва Центр,Artcourt Moscow Center (ex. Courtyard by Marriott City Center) Hotel,Арбатская (Арбатско-Покровская),608.0,,1083.3,103840.0,1235.09,RUB,True,2026-10-14T21:00:00Z,False,nomeal,103840.0,1083.3,10384,103840.0,1235.09,Номер вид в Атриум Супериор (2 отдельные кровати),1,9.0,400.0,2395,Москва,218.0,2026-09-27 07:36:58.469,4.0,,,,Москва,октябрь,moscow_october.xlsx,10,10384.0,0-2 км,8-9,10
"ул. Новый Арбат, 32, Москва",2026-10-15,2026-10-25,Москва,Россия,RUB,2.3448985,True,False,False,moscow_marriott_hotel_novy_arbat,True,False,Hotel,55.752964,37.580555,8139930,True,105600.0,10560,Отель Звёзды Арбата,Arbat Stars Hotel (ex Marriott Novy Arbat),Смоленская (Филёвская),594.0,,1101.66,105600.0,1256.02,RUB,True,2026-10-14T21:00:00Z,False,nomeal,105600.0,1101.66,10560,105600.0,1256.02,Двухместный номер Делюкс (2 отдельные кровати),1,9.1,415.0,2395,Москва,234.0,2026-09-27 07:36:58.469,5.0,,,,Москва,октябрь,moscow_october.xlsx,10,10560.0,2-5 км,9+,10
"Садовническая набережная, д. 7, помещ. 50, Москва",2026-10-15,2026-10-25,Москва,Россия,RUB,1.2204372,True,False,False,balchug_viewpoint_hotel,True,False,Hotel,55.746548,37.628036,8878179,True,95400.0,9540,Отель Viewpoint Hotel,Viewpoint Hotel Hotel,Новокузнецкая,480.0,,995.25,95400.0,1134.7,RUB,True,2026-10-14T11:00:00Z,False,nomeal,95400.0,995.25,9540,95400.0,1134.7,Двухместный номер Superior (двуспальная кровать) (кровать king size),1,8.9,300.0,2395,Москва,34.0,2026-09-27 07:36:58.469,4.0,4.1,33.0,,Москва,октябрь,moscow_october.xlsx,10,9540.0,0-2 км,8-9,10
"Спартаковская улица, 24, Москва",2026-10-15,2026-10-25,Москва,Россия,RUB,4.130663,True,True,False,elokhovskii_moskva,True,False,Hotel,55.772552,37.67674,10292277,True,68277.0,6828,Отель Елоховский,Hotel Elohovskij,Бауманская,145.0,,712.29,68277.0,812.1,RUB,True,2026-10-14T11:00:00Z,True,breakfast,68277.0,712.29,6828,68277.0,812.1,Двухместный номер Стандарт (двуспальная кровать),1,9.1,204.0,2395,Москва,27.0,2026-09-27 07:36:58.469,3.0,4.4,85.0,,Москва,октябрь,moscow_october.xlsx,10,6827.7,2-5 км,9+,10
"набережная Краснопресненская, дом 12, Москва",2026-10-15,2026-10-25,Москва,Россия,RUB,3.7518039,True,False,True,crowne_plaza_moscow_world_trade_centre,True,False,Hotel,55.754272,37.557766,8075994,,140000.0,14000,Plaza Garden Moscow WTC Hotel,Plaza Garden Moscow WTC Hotel,Деловой Центр (Филевская),1065.0,,1460.53,140000.0,1665.18,RUB,True,2026-10-14T18:00:00Z,False,nomeal,140000.0,1460.53,14000,140000.0,1665.18,Двухместный номер Стандарт (двуспальная кровать) (кровать queen size),1,9.0,638.0,2395,Москва,727.0,2026-09-27 07:36:58.469,5.0,,,awarded-hotel,Москва,октябрь,moscow_october.xlsx,10,14000.0,2-5 км,8-9,10
"Новоданиловская наб., д. 6, Москва",2026-10-15,2026-10-25,Москва,Россия,RUB,6.5068913,True,False,True,palmira_business_club_hotel,True,False,Hotel,55.697475,37.625607,11157982,True,121140.0,12114,Отель Пальмира Бизнес Клуб,Palmira Business Club Hotel,Верхние Котлы,892.0,,1263.78,121140.0,1440.86,RUB,True,2026-10-14T12:00:00Z,False,nomeal,121140.0,1263.78,12114,121140.0,1440.86,Двухместная студия (двуспальная кровать и диван) (тип кровати может измениться),1,9.2,915.0,2395,Москва,222.0,2026-09-27 07:36:58.469,4.0,4.7,674.0,awarded-hotel,Москва,октябрь,moscow_october.xlsx,10,12114.0,5-10 км,9+,10
"Киевская улица, 2, Москва",2026-10-15,2026-10-25,Москва,Россия,RUB,3.7175832,True,False,True,novotel_moscow_kievskaya,False,False,Hotel,55.74317,37.5627,8661280,True,109360.0,10936,Отель Novotel Москва Киевская,Novotel Moskva Kievskaya Hotel,Киевская (Кольцевая),159.0,40.0,1140.88,109360.0,1300.74,RUB,True,2026-10-14T21:00:00Z,False,nomeal,109360.0,1140.88,10936,109360.0,1300.74,Двухместный номер с рабочей зоной Улучшенный (двуспальная кровать) (кровать queen size),1,8.8,253.0,2395,Москва,202.0,2026-09-27 07:37:00.869,4.0,,,,Москва,октябрь,moscow_october.xlsx,10,10936.0,2-5 км,8-9,10
"Шоссе Энтузиастов, д. 9, Москва",2026-10-15,2026-10-25,Москва,Россия,RUB,5.9086876,False,False,False,stayway_aviamotornaya_hotel,True,False,Hotel,55.7511,37.711807,13432738,True,20186.0,2019,Отель Stay Way Авиамоторная,Stayway Aviamotornaya Hotel,Авиамоторная (Калининская),305.0,,210.59,20186.0,240.1,RUB,False,,False,nomeal,20186.0,210.59,2019,20186.0,240.1,Двухместный номер без окна Economy (общая ванная комната) (двуспальная кровать) (без окна),1,8.0,268.0,2395,Москва,20.0,2026-09-27 07:37:00.869,,,,,Москва,октябрь,moscow_october.xlsx,10,2018.6,5-10 км,7-8,10
"Красногорский бульвар, д. 24, помещение 1, Красногорск",2026-10-15,2026-10-25,Красногорск,Россия,RUB,16.631618,True,False,False,crocus_star_minihotel,False,False,Hotel,55.819668,37.3769,8742609,True,59123.0,5912,Отель Crocus Star,Crocus Star Hotel,Мякинино,688.0,,616.79,59123.0,703.22,RUB,True,2026-10-09T05:00:00Z,False,nomeal,59123.0,616.79,5912,59123.0,703.22,Двухместный номер Стандарт (двуспальная кровать),1,8.6,108.0,179605,Красногорск,15.0,2026-09-27 07:37:00.869,3.0,4.5,4.0,,Москва,октябрь,moscow_october.xlsx,10,5912.3,10-20 км,8-9,10
"Измайловское шоссе, д. 71, стр. 3В, Москва",2026-10-15,2026-10-25,Москва,Россия,RUB,8.967533,True,False,False,best_western_vega_hotel,True,False,Hotel,55.7905,37.747288,7467768,True,71800.0,7180,Отель Вега Измайлово,Vega Izmailovo Hotel,Партизанская,262.0,,749.04,71800.0,854.0,RUB,True,2026-10-14T11:00:00Z,False,nomeal,71800.0,749.04,7180,71800.0,854.0,Двухместный номер Русский Делюкс (двуспальная кровать) (кровать king size),1,9.1,1307.0,2395,Москва,1008.0,2026-09-27 07:37:00.869,4.0,,,,Москва,октябрь,moscow_october.xlsx,10,7180.0,5-10 км,9+,10
"улица Петровка, 11, Москва",2026-10-15,2026-10-25,Москва,Россия,RUB,0.79458743,True,False,False,gostinitsa_marriott_roiial_avrora,True,False,Hotel,55.76301,37.617188,7597450,True,149430.0,14943,Сафмар Аврора Люкс (бывший Марриотт Ройал Аврора),Safmar Avrora Luxe (Ex. Marriott Royal Aurora),Кузнецкий мост,490.0,1790.0,1558.91,149430.0,1777.34,RUB,True,2026-10-14T21:00:00Z,False,nomeal,149430.0,1558.91,14943,149430.0,1777.34,Двухместный номер Делюкс (двуспальная кровать) (кровать king size),1,8.8,1630.0,2395,Москва,228.0,2026-09-27 07:37:00.869,5.0,4.5,1230.0,awarded-hotel,Москва,октябрь,moscow_october.xlsx,10,14943.0,0-2 км,8-9,10
"проспект Вернадского, д. 41, стр. 1, Москва",2026-10-15,2026-10-25,Москва,Россия,RUB,11.64647,True,False,True,fortestate_apart_hotel,True,False,Hotel,55.673203,37.503307,13644772,True,52000.0,5200,Апарт Отель FortEstate,FortEstate Apart Hotel,Проспект Вернадского,442.0,,542.48,52000.0,618.5,RUB,True,2026-10-14T12:00:00Z,False,nomeal,52000.0,542.48,5200,52000.0,618.5,Апартаменты c 1 комнатой с видом на город (двуспальная кровать),1,8.9,22.0,2395,Москва,6.0,2026-09-27 07:37:00.869,,,,,Москва,октябрь,moscow_october.xlsx,10,5200.0,10-20 км,8-9,6
"улица Новый Арбат, д. 21, строение 2, Москва",2026-10-15,2026-10-25,Москва,Россия,RUB,2.0373647,True,False,False,hotel_brosko,True,False,Hotel,55.751575,37.58602,8854267,True,98000.0,9800,Отель Brosko Moscow,Brosko Moscow Hotel,Смоленская (Филёвская),426.0,,1022.37,98000.0,1165.63,RUB,True,2026-10-14T11:00:00Z,False,nomeal,98000.0,1022.37,9800,98000.0,1165.63,Двухместный номер Standard (2 отдельные кровати),1,8.5,464.0,2395,Москва,120.0,2026-09-27 07:37:00.869,4.0,3.7,97.0,awarded-hotel,Москва,октябрь,moscow_october.xlsx,10,9800.0,2-5 км,8-9,10
"Ленинградский пр-кт, д. 37, корп. 8, Москва",2026-10-15,2026-10-25,Москва,Россия,RUB,6.1449695,False,False,False,ibis_moscow_dynamo,False,False,Hotel,55.79227,37.543694,6298912,True,51255.0,5126,Отель Ibis Москва Динамо,ibis Moscow Dynamo Hotel,Петровский парк,837.0,90.0,534.71,51255.0,609.63,RUB,False,,False,nomeal,51255.0,534.71,5126,51255.0,609.63,Двухместный номер Standard (2 отдельные кровати),1,8.4,838.0,2395,Москва,317.0,2026-09-27 07:37:00.869,3.0,4.1,525.0,,Москва,октябрь,moscow_october.xlsx,10,5125.5,5-10 км,8-9,10
"Киевская улица, 2, Москва",2026-10-15,2026-10-25,Москва,Россия,RUB,3.7546544,True,False,True,ibis_moscow_kievskaya,False,False,Hotel,55.74321,37.56203,8669772,True,104592.5,10459,Отель ibis Москва Киевская,Ibis Moskva Kievskaya Hotel,Киевская (Кольцевая),200.0,90.0,1091.15,104592.5,1244.04,RUB,True,2026-10-14T12:00:00Z,False,nomeal,104592.5,1091.15,10459,104592.5,1244.04,Двухместный номер Premium (двуспальная кровать),1,8.6,716.0,2395,Москва,350.0,2026-09-27 07:37:00.869,3.0,,,,Москва,октябрь,moscow_october.xlsx,10,10459.25,2-5 км,8-9,10
"Поклонная улица, 9, Москва",2026-10-15,2026-10-25,Москва,Россия,RUB,6.2500067,True,False,False,enzo_hotel_moscow_by_zont_hotel_group,True,False,Hotel,55.73433,37.525387,13725634,True,233000.0,23300,ENZO Hotel Moscow by ZONT Hotel Group,ENZO Hotel Moscow by ZONT Hotel Group,Парк Победы (Солнцевская),569.0,,2430.74,233000.0,2771.34,RUB,True,2026-10-14T12:00:00Z,False,nomeal,233000.0,2430.74,23300,233000.0,2771.34,Двухместный номер ENZO Классик (двуспальная кровать) (кровать king size),1,9.0,26.0,2395,Москва,130.0,2026-09-27 07:37:00.869,5.0,,,,Москва,октябрь,moscow_october.xlsx,10,23300.0,5-10 км,8-9,10
"улица Щепкина, д. 32, стр. 1, Москва",2026-10-15,2026-10-25,Москва,Россия,RUB,2.7382555,False,False,True,sunflower_avenue_hotel,True,False,Hotel,55.779564,37.629692,8873685,True,58265.0,5827,Отель Sunflower Авеню Москва ZONT Hotel Group,Sunflower Avenue Moscow by ZONT Hotel Group Hotel,Проспект Мира (Кольцевая),341.0,,607.84,58265.0,693.01,RUB,False,,False,nomeal,58265.0,607.84,5827,58265.0,693.01,Двухместный номер Standard (двуспальная кровать) (кровать queen size),1,9.3,1145.0,2395,Москва,166.0,2026-09-27 07:37:00.869,3.0,,,awarded-hotel,Москва,октябрь,moscow_october.xlsx,10,5826.5,2-5 км,9+,10
"Краснопрудная, 12, Москва  107140 Российская Федерация, Москва",2026-10-15,2026-10-25,Москва,Россия,RUB,3.6000466,True,False,True,moscow_marriott_imperial_plaza_hotel,True,False,Hotel,55.776928,37.661453,9988092,True,134000.0,13400,Отель Москва Марриотт Империал Плаза,Moscow Marriott Imperial Plaza Hotel,Комсомольская (Сокольническая),404.0,,1397.94,134000.0,1593.82,RUB,True,2026-10-14T21:00:00Z,False,nomeal,134000.0,1397.94,13400,134000.0,1593.82,Двухместный номер Делюкс (2 отдельные кровати),1,9.2,646.0,2395,Москва,268.0,2026-09-27 07:37:00.869,5.0,5.0,29.0,awarded-hotel,Москва,октябрь,moscow_october.xlsx,10,13400.0,2-5 км,9+,10
"2-й Кадашевский переулок, д.16/1, Москва",2026-10-15,2026-10-25,Москва,Россия,RUB,1.365845,True,False,False,villa_kadashi_boutique_hotel,True,False,Boutique_and_Design,55.743793,37.62183,8661045,True,95200.0,9520,Бутик-отель Вилла Кадаши,Villa Kadashi Boutique Hotel,Третьяковская (Калининская),400.0,,993.16,95200.0,1132.32,RUB,True,2026-10-12T11:00:00Z,False,nomeal,95200.0,993.16,9520,95200.0,1132.32,Двухместный номер Superior (двуспальная кровать),1,8.6,114.0,2395,Москва,14.0,2026-09-27 07:37:00.869,4.0,4.6,83.0,awarded-hotel,Москва,октябрь,moscow_october.xlsx,10,9520.0,0-2 км,8-9,10
"Каширское Шоссе,д. 39 стр. Б, Москва",2026-10-15,2026-10-25,Москва,Россия,RUB,12.598262,True,False,False,kolomenskoye__2,False,False,Hotel,55.64693,37.67347,8126782,,58056.0,5806,Отель Интурист Коломенское,Intourist Kolomenskoe Hotel,Кантемировская,1622.0,873.0,605.66,58056.0,690.53,RUB,True,2026-10-14T21:00:00Z,False,nomeal,58056.0,605.66,5806,58056.0,690.53,Двухместный номер Standard с видом на город (двуспальная кровать) (кровать queen size),1,8.9,322.0,2395,Москва,259.0,2026-09-27 07:37:00.869,4.0,,,,Москва,октябрь,moscow_october.xlsx,10,5805.6,10-20 км,8-9,10
"улица Малая Ботаническая, д.10А, Москва",2026-10-15,2026-10-25,Москва,Россия,RUB,8.763497,True,False,True,botanik_life_hotel,True,False,Hotel,55.833035,37.58878,13463175,True,41297.0,4130,Отель Ботаник Life,Botanik Life Hotel,Петровско-Разумовская (Люблинско-Дмитровская),902.0,,430.82,41297.0,491.19,RUB,True,2026-10-14T11:30:00Z,False,nomeal,41297.0,430.82,4130,41297.0,491.19,Студия (двуспальная кровать),1,8.0,167.0,2395,Москва,26.0,2026-09-27 07:37:00.869,3.0,,,,Москва,октябрь,moscow_october.xlsx,10,4129.7,5-10 км,7-8,7
"Аэропорт Шереметьево, 5-ый этаж, терминал «Аэроэкспресс», терминал EF, Москва",2026-10-15,2026-10-25,Москва,Россия,RUB,26.332064,True,False,False,vozdushny_express,True,False,Hotel,55.963493,37.414192,7034463,,67000.0,6700,Отель Комфорт,Komfort Hotel,,,,698.97,67000.0,796.91,RUB,True,2026-10-14T11:00:00Z,False,nomeal,67000.0,698.97,6700,67000.0,796.91,Двухместный номер без окна Стандарт (двуспальная кровать) (без окна),1,8.2,240.0,2395,Москва,30.0,2026-09-27 07:37:00.869,,,,,Москва,октябрь,moscow_october.xlsx,10,6700.0,20+ км,8-9,10
"улица Мастеркова, д.4, Москва",2026-10-15,2026-10-25,Москва,Россия,RUB,5.787225,True,False,False,maxima_panorama_hotel,True,False,Hotel,55.7085,37.656166,7467382,True,85210.0,8521,Отель Максима Панорама,Maxima Panorama Hotel,Автозаводская (Замоскворецкая),214.0,,888.94,85210.0,1013.5,RUB,True,2026-10-14T09:00:00Z,False,nomeal,85210.0,888.94,8521,85210.0,1013.5,Двухместная студия (двуспальная кровать),1,8.9,967.0,2395,Москва,123.0,2026-09-27 07:37:00.869,4.0,4.0,625.0,,Москва,октябрь,moscow_october.xlsx,10,8521.0,5-10 км,8-9,10
"Алтуфьевское шоссе 2, Москва",2026-10-15,2026-10-25,Москва,Россия,RUB,10.554825,True,False,False,hotel_voshod,True,False,Hotel,55.849228,37.58661,10006615,True,33700.0,3370,Отель Восход,Voshod Hotel,Владыкино (Серпуховско-Тимирязевская),272.0,,351.57,33700.0,400.83,RUB,True,2026-10-14T11:00:00Z,False,nomeal,33700.0,351.57,3370,33700.0,400.83,Двухместный номер Улучшенный Комфорт (двуспальная кровать),1,7.5,1025.0,2395,Москва,16.0,2026-09-27 07:37:00.869,3.0,,,,Москва,октябрь,moscow_october.xlsx,10,3370.0,10-20 км,7-8,5
"улица Большая Полянка, д. 43 стр. 2, Москва",2026-10-15,2026-10-25,Москва,Россия,RUB,2.4985566,True,False,False,halva_hotel_polyanka,True,False,Hotel,55.733414,37.61995,9080072,True,43000.0,4300,Отель Халва,Halva Hotel,Полянка,389.0,,448.59,43000.0,511.45,RUB,True,2026-10-14T11:00:00Z,False,nomeal,43000.0,448.59,4300,43000.0,511.45,Двухместный номер Standard (двуспальная кровать),1,8.6,278.0,2395,Москва,17.0,2026-09-27 07:37:00.869,2.0,3.8,23.0,,Москва,октябрь,moscow_october.xlsx,10,4300.0,2-5 км,8-9,10
"Ленинский проспект, дом 90/3, Москва",2026-10-15,2026-10-25,Москва,Россия,RUB,10.999054,True,False,False,hotel_radisson_blu_leninsky_prospect_hotel_moscow,True,False,Hotel,55.67367,37.519783,10621095,True,168500.0,16850,"Отель Radisson Blu Ленинский проспект, Москва","Hotel Radisson Blu Leninsky Prospect Hotel, Moscow",Новаторская (Троицкая),244.0,18.0,1757.85,168500.0,2004.16,RUB,True,2026-10-14T21:00:00Z,False,nomeal,168500.0,1757.85,16850,168500.0,2004.16,Двухместный номер Улучшенный с видом на парк (двуспальная кровать) (кровать king size),1,9.2,194.0,2395,Москва,156.0,2026-09-27 07:37:00.869,5.0,4.5,22.0,awarded-hotel,Москва,октябрь,moscow_october.xlsx,10,16850.0,10-20 км,9+,10
